TÊN KHÓA HỌC (course name)    ,CHUYÊN NGÀNH (course category),TÊN GIẢNG VIÊN (instructor name),LINK KHÓA HỌC (course link),MÔ TẢ (course description)
HỘI HỌA: MÀU SẮC VÀ PHỐI MÀU CƠ BẢN,Design,Mr. Lê Hoàng Anh Thi,https://onlinica.com/courses/course-v1:Onlinica+001+2022_001/about ,"Bạn yêu thích việc sử dụng màu sắc, nhưng lại không biết làm sao để phối ra những màu sắc mà bản thân mong muốn. Vậy thì khóa học ""Màu sắc và cách phối màu cơ bản"" sẽ mang đến cho bạn những kiến thức cơ bản về màu sắc như việc sử dụng ánh sáng, nhiệt độ trong màu sắc hay thú vị hơn là nắm được các nguyên lý phối màu. Không những thế bạn còn có thể thực hành tô màu với vòng tròn thuần sắc cùng Mr. Anh Thi - Giảng viên chuyên ngành thiết kế. Để có thể có những trải nghiệm tuyệt vời trên còn chần chờ gì mà không nhanh tay đăng ký khóa học để tiếp thu những kiến thức hữu ích bạn nhé!"
KỸ NĂNG QUẢN LÝ THỜI GIAN,Personal Development,Ms. Nguyễn Thu Hà,https://onlinica.com/courses/course-v1:Onlinica+002+2022_002/about,Thời gian của chúng ta mỗi ngày là như nhau - 24 giờ/ngày. Nhưng nếu bạn biết cách phân chia và sử dụng thời gian hợp lý thì chắc chắn hiệu suất học tập và làm việc sẽ tốt hơn rất nhiều. Vậy kỹ năng quản lý thời gian là gì và làm thế nào để nâng cao kỹ năng này? Onlinica sẽ bật mí cùng bạn ngay trong khóa học này!
KỸ NĂNG SINH TỒN TRONG THÀNH PHỐ ,Personal Development,Ms. Lê Diệu Hiền,https://onlinica.com/courses/course-v1:Onlinica+003+2022_003/about,"Tìm kiếm phòng trọ tại Thành Phố chưa là bao giờ là công việc dễ dàng. Nguy hiểm, khó khăn và nhiều thử thách là những gì bạn phải đối diện khi tìm kiếm một nơi ở mới. Làm thế nào để vượt qua nó ư? Khóa học này của Onlinica sẽ trang bị cho bạn những kỹ năng ""sinh tồn"" cần thiết, giúp bạn có kiến thức và kỹ năng tìm kiếm một nơi trọ tốt và phù hợp với nhu cầu."
KHÁM PHÁ NGÀNH DIGITAL MARKETING,Digital Marketing,Ms. Nguyễn Khánh Ly,https://onlinica.com/courses/course-v1:Onlinica+004+2022_004/about#shortDes,"Trước khi cuộc cách mạng công nghiệp 4.0 nổ ra, Marketing tồn tại dưới hình thức như quảng cáo trên TV, tờ rơi và nhân viên tiếp thị sẽ gõ cửa từng nhà để giới thiệu sản phẩm. Tuy nhiên ngày nay Digital marketing đã phát triển và đang dần khẳng định vai trò của mình, trở thành phương pháp tiếp cận khách hàng tất yếu của mọi doanh nghiệp. Vậy để khám phá về ngành Digital marketing các bạn hãy cùng Onlinica tham gia khóa học ""Khám phá ngành Digital Marketing"" để lắng nghe chuyên gia chia sẻ tổng quan về ngành Digital marketing, vai trò và lợi ích của ngành Digital marketing đối với doanh nghiệp và triển vọng nghề nghiệp của ngành Digital marketing trên thị trường lao động nhé!"
KỸ NĂNG PHỎNG VẤN TÌM VIỆC LÀM,Soft Skills,Ms. Bùi Thương Huyền,https://onlinica.com/courses/course-v1:Onlinica+005+2022_005/about,"Một cuộc phỏng vấn xin việc thành công là tổng hòa của rất nhiều yếu tố, từ hình thức đến nội dung. Để không làm lãng phí thời gian và công sức cho những cuộc phỏng vấn tìm việc “ra về tay không”, đừng quên trang bị cho mình những kỹ năng cần thiết. Cùng Onlinica tìm hiểu đó là gì trong khóa học này nhé!"
NGÀNH TRÍ TUỆ NHÂN TẠO AI - NGHỀ CỦA TƯƠNG LAI,Trí tuệ nhân tạo A.I,Mr. Trần Anh Tuấn,https://onlinica.com/courses/course-v1:Onlinica+006+2022_006/about,"Trí tuệ nhân tạo là một nhánh của khoa học máy tính, liên quan đến việc chúng ta xây dựng hệ thống máy thông minh, có khả năng thực hiện những chức năng như con người. Vậy Trí tuệ nhân tạo là gì? Máy học là gì? Có sự khác biệt như thế nào giữa máy học có giám sát và máy học không giám sát? Học sâu hay còn được biết đến với thuật ngữ Deep Learning có ứng dụng như thế nào? Mọi thắc mắc đều sẽ được giải đáp ở khoá học ''Nhập Môn Trí Tuệ Nhân Tạo - Phần 01'' cùng Tiến sĩ Trần Anh Tuấn - Chuyên gia ngành Trí tuệ nhân tạo tại Onlinica."
KHÁM PHÁ NGÀNH GAME DEVELOPER - NHẬP MÔN,Lập trình,Mr. Dương Hoàng Thanh,https://onlinica.com/courses/course-v1:Onlinica+008+2022_008/about,"Để tạo ra được một video game, đó là cả một quá trình không chỉ bao gồm công đoạn lập trình game mà còn có cả thiết kế hình ảnh, âm thanh, dữ liệu. Vậy để có thể hiểu rõ hơn về quy trình tạo ra một video game, cũng như các cơ hội việc làm của một Game Developer thì hãy khám phá khóa học ngay tại Onlinica."
KỸ NĂNG GIAO TIẾP HIỆU QUẢ,Soft Skills,Ms. Nguyễn Ngọc Tú Uyên,https://onlinica.com/courses/course-v1:Onlinica+009+2022_009/about,"Giao tiếp là một phần không thể thiếu trong cuộc sống, việc giao tiếp giúp con người đạt được những nhu cầu của bản thân. Để thấu hiểu, truyền đạt đúng ý từ người gửi đến người nhận đúng thông điệp truyền tải. Onlinica giới thiệu cùng bạn khóa học ''Kỹ năng giao tiếp hiệu quả'' với những kiến thức hữu ích về tầm quan trọng của giao tiếp mà bạn không nên bỏ lỡ."
KỸ NĂNG TÌM VIỆC LÀM THÊM,Soft Skills,Ms. Nguyễn Ngọc Tú Nguyên,https://onlinica.com/courses/course-v1:Onlinica+010+2022_010/about,"Hầu hết các bạn trẻ đều mong muốn tìm được một công việc làm thêm tốt trong thời gian đi học để vừa tăng thu nhập vừa cải thiện kỹ năng. Tuy nhiên, không phải ai cũng có thể sắp xếp được thời gian học và làm cũng như tìm được công việc phù hợp sở thích. Làm thế nào bây giờ? Câu trả lời sẽ được Onlinica giải đáp trong khóa học này!"
SÁNG TẠO VÀ SẢN XUẤT PHIM ANIMATION,Design,"Mr. Kỷ Thế Vinh
Mr. Lê Vũ Quang",https://onlinica.com/courses/course-v1:Onlinica+039+2022-039/about#shortDes,"Bạn đam mê phim hoạt hình và ước mơ ngày nào đó sẽ có thể thực hiện một bộ Animation của riêng mình? Hãy hiện thực hóa điều đó cùng Onlinica! Tham gia khóa học để cùng lắng nghe những chia sẻ từ bộ đôi đạo diễn của dự án phim Animation ""Việt Sử Kiêu Hùng"". Những chia sẻ, kinh nghiệm thực tế khi thực hiện bộ phim ""Bình Ngô Đại Chiến"" sẽ phần nào giúp bạn hiểu hơn quy trình làm phim và truyền cảm hứng cho ước mơ tạo nên một bộ phim Animation của chính bạn."
TỐI ƯU BÁN HÀNG TRÊN TIKTOK SHOP,Digital Marketing,Giảng viên Onlinica (AI),https://onlinica.com/courses/course-v1:Onlinica+260+2023_260/about#shortDes,"Ngày ngày lướt TikTok để giải trí, bạn có biết đây còn một kênh bán hàng hiệu quả? Và nếu như bạn có muốn học cách tối ưu bán hàng trên TikTok Shop, một chức năng mới mẻ và tiên tiến của TikTok hay mong muốn tận dụng lượng người dùng khổng lồ của TikTok để quảng bá sản phẩm và dịch vụ của bạn? Thì chào mừng bạn đã đến với kho tàng Onlinica tại đây đang có những cuốn ""cửu âm chân kinh"" về cách ""Tối ưu bán hàng trên TikTok Shop"". Thông qua khoá học này bạn sẽ được tìm hiểu rõ hơn về TikTok Shop là gì, Mô hình vận hành của TikTok Shop và đặc biệt là các cách tối ưu TikTok Shop. Sau khi học xong khóa học này bạn sẽ nắm được các cách để tối ưu gian hàng của mình trên TikTok Shop, giúp bạn khám phá ra cách để quản lý một gian hàng thành công, tìm ra những khuyết điểm trong cách vận hành của mình và khắc phục được nó. Và để làm được những điều đó chỉ còn cách bạn một bước đăng ký nữa thôi, hãy nhanh tay đăng ký và học cùng Onlinica nhé."
LÝ THUYẾT NGHỆ THUẬT VỀ TỈ LỆ & GIẢI PHẪU NGƯỜI - PHẦN 01,Design,Mr. Huỳnh Nguyên Bảo,https://onlinica.com/courses/course-v1:Onlinica+064+2022_064/about,"Cơ thể con người là một trong những cấu trúc động vật phức tạp và kỳ diệu nhất. Thế nên việc gặp khó khăn khi vẽ người là một điều mà đa số những người mới bắt đầu sẽ gặp phải. Đến với khóa khọc này của Onlinica, chúng ta sẽ cùng nhau học về các lý thuyết của tỷ lệ cơ thể người bạn nhé!"
LÝ THUYẾT VỀ MÀU SẮC - PHẦN 01,Design,Ms. Nguyễn Hải Huyền Trang,https://onlinica.com/courses/course-v1:Onlinica+068+2022_068/about#shortDes,"Màu sắc là một phần vô cùng quan trọng trong đời sống của chúng ta, được ứng dụng rộng rãi trong rất nhiều lĩnh vực khác nhau. Để có thể hiểu được ""tiếng nói"" của màu sắc, hãy đến với khóa học ngày này của Onlinica."
LÝ THUYẾT VỀ MÀU SẮC - PHẦN 02,Design,Ms. Nguyễn Hải Huyền Trang,https://onlinica.com/courses/course-v1:Onlinica+069+2022_069/about#shortDes,"Tiếp nối những kiến thức lý thuyết về màu sắc đã được Ms. Nguyễn Hải Huyền Trang - Giảng viên chuyên ngành thiết kế chia sẻ trong khoá học ""Lý thuyết về màu sắc - Phần 01"", tại khoá học ""Lý thuyết về màu sắc - Phần 02"" chúng ta sẽ cùng tìm hiểu về cách vẽ trên phần mềm Adobe Illustrator với công cụ Mesh Tool. Kiến thức về công cụ này sẽ giúp bạn vẽ được những đối tượng thực tế và đảm bảo chất lượng của file, thích hợp dùng cho in ấn. Còn chần chờ gì mà không đăng kí ngay khoá học '' Lý thuyết về màu sắc - Phần 02'' tại Onlinica."
GIỚI THIỆU VỀ STORYBOARDING,Design,Mr. Nguyễn Tấn Huynh,https://onlinica.com/courses/course-v1:Onlinica+070+2022_070/about#shortDes,"Ngành điện ảnh đang phát triển mạnh mẽ, đặc biệt trong thời đại 4.0 ngày nay, việc sử dụng Storyboard - Vẽ kịch bản trong quá trình sáng tạo để sản xuất phim, TVC, MV, ... là rất cần thiết. Nhằm giúp người xem hình dung được sự kiện, nhân vật, góc máy, background, ... từ đó hiểu được ý tưởng 1 cách sinh động và hiệu quả hơn. Hãy để khoá học ''Giới thiệu về Storyboarding'' với Mr. Nguyễn Tấn Huynh - Chuyên gia ngành lập trình giúp bạn hiểu rõ hơn kiến thức này nhé!"
DỰNG HÌNH 3D CƠ BẢN VỚI PHẦN MỀM AUTODESK MAYA,Design,Mr. Huỳnh Nguyên Bảo,https://onlinica.com/courses/course-v1:Onlinica+132+2023_132/about,"Phần mềm Maya là một trong những phần mềm đồ họa 3D được sử dụng phổ biến nhất hiện nay với nhiều tính năng hỗ trợ người dùng trong việc thiết kế nhân vật đồ họa và sản xuất phim hoạt hình. Vậy những tính năng của phần mềm này là gì? Cách tháo tác trên phần mềm này ra sao? Và làm cách nào để thiết kế được một nhân vật 3D hay một bộ phim hoạt hình chất lượng? Những vấn đề trên sẽ được giải quyết thông qua khóa học ""Maya for Beginners"" với sự hướng dẫn của Giảng viên chuyên ngành Thiết kế - Mr. Huỳnh Nguyên Bảo. Onlinica tin rằng với sự chia sẻ tường tận và rõ ràng của chuyên gia sẽ giúp các bạn có những kiến thức cơ bản nhất về phần mềm Maya, tạo cho các bạn một nền tảng kiến thức vững chắc để có thể tiếp tục theo đuổi đam mê thiết kế đồ họa của mình. Đừng ngần ngại nữa, hãy nhanh tay đăng ký khóa học ""Maya for Beginners"" tại Onlinica bạn nhé!"
THẤU HIỂU INSIGHT - CHINH PHỤC KHÁCH HÀNG,Digital Marketing,Ms. My Dương,https://onlinica.com/courses/course-v1:Onlinica+150+2023_150/about,"Đối với marketing, việc xác định đúng tệp khách hàng mục tiêu là yếu tố tiên quyết và quan trọng nhất. Vì vậy, việc tìm hiểu về chân dung đối tượng khách hàng mục tiêu và tầm quan trọng của Insight trong hoạt động kinh doanh và marketing của doanh nghiệp là không thể bỏ qua. Insight được hiểu đúng là như thế nào? Làm sao để tìm kiếm Insight và kết nối nó vào công việc? Khóa học ""Content Marketing: Thấu hiểu Insight - Chinh phục khách hàng"" đặc biệt phù hợp cho những bạn đang trên con đường tìm hiểu về Content Marketing. Song song với việc thấu hiểu Insight, khóa học sẽ giúp bạn hiểu rõ hơn về tệp khách hàng mục tiêu là gì, làm thế nào để xác định đối tượng khách hàng mục tiêu và làm thế nào để kết nối Insight vào nội dung marketing của bạn. Hãy cùng Ms. My Dương - Chuyên gia đào tạo các bộ môn về Marketing, Communications, Content Marketing tại các trường Đại học và Học viện (AIM Academy, BMG Education, Tổ hợp Giáo dục Lead the Change) tìm hiểu những kiến thức bổ ích trong khoá học này các bạn nhé."
LẬP TRÌNH PYTHON CĂN BẢN VỚI BIẾN VÀ VÒNG LẶP,Lập trình,Mr. Đinh Nguyễn Trọng Nghĩa,https://onlinica.com/courses/course-v1:Onlinica+152+2023_152/about ,"Hiện nay ngành trí tuệ nhân tạo đã phát triển mạnh mẽ song song với sự lan rộng của thời đại công nghệ 4.0. Trong đó, Python có thể được xem là một ngôn ngữ lập trình tiềm năng trong lĩnh vực trí tuệ nhân tạo bằng sự linh hoạt của ngôn ngữ cùng với tốc độ xử lý nhanh nhạy. Điển hình ở các công ty lớn như Uber, PayPal, Google, Facebook, Instagram, Netflix, Dropbox hay Reddit đều sử dụng ứng dụng lập trình web với Python trong quá trình phát triển và thử nghiệm của họ. Nhận thấy được tính ứng dụng cao của ngôn ngữ lập trình Python, khóa học "" Lập trình Python căn bản với biến và vòng lặp"" cùng thầy Trọng Nghĩa - với hơn 10 năm kinh nghiệm trong lĩnh vực lập trình và giảng dạy, sẽ chia sẻ và hướng dẫn chúng ta tiếp cận được ngôn ngữ lập trình này một cách dễ hiểu và nhanh chóng nhất. Không chỉ dừng lại ở đó, thầy còn chia sẻ các bí quyết, kinh nghiệm riêng để giúp chúng ta có thể thực hành hiệu quả hơn. Vậy nên không lý do gì để chúng ta chần chờ tham gia khóa học này khi đang mong muốn tìm hiểu và thực hành lập trình Python căn bản với biến và vòng lặp cả. Hãy nhanh tay đăng ký khóa học này cùng với Onlinica ngay thôi !"
PROCREATE ĐƠN GIẢN CHO NGƯỜI MỚI BẮT ĐẦU,Design,Ms. Doris,https://onlinica.com/courses/course-v1:Onlinica+198+2023_198/about,"Bạn đã bao giờ mơ tưởng về việc tạo ra những tác phẩm nghệ thuật tuyệt đẹp trên điện thoại hoặc máy tính bảng của mình chưa? Bạn muốn trải nghiệm và khám phá tiềm năng của mình trong Digital Art nhưng không biết bắt đầu như thế nào? Hãy để khóa học ""Procreate Đơn Giản Cho Người Mới Bắt Đầu"" hướng dẫn cho bạn nhé! Khóa học này được thiết kế đặc biệt dành cho những ai đam mê với việc vẽ, với mục tiêu giúp bạn nắm vững kiến thức cơ bản và kỹ năng sử dụng phần mềm Procreate một cách dễ dàng và hiệu quả. Với sự hướng dẫn chi tiết từ Ms. Doris, bạn sẽ nhanh chóng làm quen với giao diện và các công cụ quan trọng của Procreate. Đến với khóa học này, bạn sẽ được hướng dẫn từng bước, từ cơ bản đến nâng cao, đảm bảo rằng bạn có thể tiến bộ theo tốc độ của riêng mình. Đồng thời, khóa học cũng cung cấp cho bạn những bài tập thực hành để bạn có thể khám phá cách sử dụng các công cụ vẽ, cọ và màu sắc để tạo ra những tác phẩm nghệ thuật độc đáo và chuyên nghiệp của riêng mình. Không chỉ là một khóa học thông thường, ""Procreate Đơn Giản Cho Người Mới Bắt Đầu"" là một cuộc hành trình sáng tạo, nơi bạn có thể thực hiện những ý tưởng của mình và truyền tải cảm xúc qua các tác phẩm Digital Art. Hãy tham gia ngay bằng cách đăng ký khóa học tại Onlinica nhé!"
PROCREATE - SÁNG TẠO KHÔNG GIỚI HẠN,Design,Ms. Doris,https://onlinica.com/courses/course-v1:Onlinica+199+2023_199/about,"Bạn là một người nghệ sĩ sáng tạo, và bạn muốn khám phá tiềm năng vô tận của mình trong việc tạo ra những tác phẩm Digital Art độc đáo? Hãy để khóa học ""Procreate - Sáng tạo không giới hạn"" truyền cảm hứng và mở ra cánh cửa cho sự sáng tạo của bạn nhé! Khóa học này không chỉ đơn thuần là việc học sử dụng phần mềm Procreate, mà còn là một cuộc phiêu lưu tạo hình cho các tác phẩm Digital Art của bạn. Đây sẽ là nơi bạn có thể thể hiện ý tưởng và cảm xúc của mình một cách tự do. Với sự hướng dẫn tận tình và cực kỳ dễ hiểu đến từ Ms. Doris, bạn sẽ được tiếp cận với các kỹ thuật và công cụ tiên tiến để biến ý tưởng trừu tượng thành những tác phẩm nghệ thuật số cực kỳ ấn tượng trên Procreate. Trong khóa học này, bạn sẽ học cách tận dụng tối đa các tính năng của Procreate, từ việc sử dụng cọ và màu sắc cho đến tạo hiệu ứng đặc biệt và sắp xếp các layer phức tạp. Không cần lo lắng về trình độ hiện tại, khóa học này phù hợp cho cả người mới bắt đầu và những người đã có kinh nghiệm với việc vẽ và tạo hình. Hãy tận hưởng sự tự do trong việc sáng tạo và mở rộng tầm nhìn của bạn với khóa học ""Procreate - Sáng tạo không giới hạn"". Đăng ký ngay tại Onlinica để khám phá khả năng nghệ thuật tiềm ẩn bên trong bạn và tạo ra những tác phẩm độc đáo mà bạn có thể tự hào. Hãy sẵn sàng để vượt qua giới hạn và biến ước mơ của bạn thành hiện thực nhé!"
BIÊN TẬP NỘI DUNG THƯƠNG MẠI - LÀM CHỦ CHATGPT (PHẦN 1),Digital Marketing,Ms. My Dương,https://onlinica.com/courses/course-v1:Onlinica+201+2023_201/about,"Bạn là một nhà sáng tạo nội dung số hoặc đơn giản là ai đó đang muốn tăng cường khả năng viết và biên tập nội dung? Vậy thì khóa học ""Biên tập nội dung thương mại - Làm chủ ChatGPT (Phần 1)"" từ Onlinica chính là giải pháp tối ưu dành cho bạn. Với khóa học này, bạn sẽ được học cách sử dụng sức mạnh của ChatGPT - một trong những công nghệ Trí tuệ nhân tạo hàng đầu hiện nay - để tạo ra những bài viết và nội dung chất lượng cao và thu hút độc giả. Trong khóa học, bạn sẽ học cách sử dụng ChatGPT để tạo ra các câu chữ, đoạn văn và bài viết hoàn chỉnh. Bạn cũng sẽ học cách sử dụng các công cụ và tính năng của ChatGPT để chỉnh sửa và biên tập nội dung theo ý muốn của mình. Ngoài ra, khóa học còn cung cấp cho bạn các kỹ năng cần thiết để xác định và định hình mục tiêu độc giả, từ đó tạo ra các bài viết và nội dung phù hợp với đối tượng của mình. Onlinica tin rằng với những kinh nghiệm dày dặn từ Ms. My Dương - người đã có hơn 10 năm kinh nghiệm quản lý Marketing tại các doanh nghiệp lớn, sẽ giúp bạn khai thác tối đa sức mạnh tiềm năng của ChatGPT. Từ đó, bạn có thể hoàn toàn làm chủ và tạo ra những bài viết thật thu hút và độc đáo. Thật hấp dẫn đúng không ạ? Vậy thì còn chần chờ gì nữa mà không nhanh tay đăng ký khóa học tại Onlinica thôi nào!"
BIÊN TẬP NỘI DUNG THƯƠNG MẠI - LÀM CHỦ CHATGPT (PHẦN 2),Digital Marketing,Ms. My Dương,https://onlinica.com/courses/course-v1:Onlinica+202+2023_202/about,"Tiếp nối ở phần 1, với khóa học này, bạn sẽ được học cách sử dụng sức mạnh của ChatGPT - một trong những công nghệ Trí tuệ nhân tạo hàng đầu hiện nay - để tạo ra những bài viết và nội dung chất lượng cao và thu hút độc giả. Trong khóa học, bạn sẽ học cách sử dụng ChatGPT để tạo ra các câu chữ, đoạn văn và bài viết hoàn chỉnh. Bạn cũng sẽ học cách sử dụng các công cụ và tính năng của ChatGPT để chỉnh sửa và biên tập nội dung theo ý muốn của mình. Ngoài ra, khóa học còn cung cấp cho bạn các kỹ năng cần thiết để xác định và định hình mục tiêu độc giả, từ đó tạo ra các bài viết và nội dung phù hợp với đối tượng của mình. Onlinica tin rằng với những kinh nghiệm dày dặn từ Ms. My Dương - người đã có hơn 10 năm kinh nghiệm quản lý Marketing tại các doanh nghiệp lớn, sẽ giúp bạn khai thác tối đa sức mạnh tiềm năng của ChatGPT. Từ đó, bạn có thể hoàn toàn làm chủ và tạo ra những bài viết thật thu hút và độc đáo. Thật hấp dẫn đúng không ạ? Vậy thì còn chần chờ gì nữa mà không nhanh tay đăng ký khóa học tại Onlinica thôi nào!"
KỸ NĂNG THIẾT KẾ CV TRÊN ADOBE ILLUSTRATOR,Design,Ms. Tracy Nguyễn,https://onlinica.com/courses/course-v1:Onlinica+206+2023_206/about,"Bạn là sinh viên năm 3, năm 4 và đang tìm kiếm nơi thực tập hay bạn đã tốt nghiệp và đang tìm kiếm một công việc phù hợp với mình. Dù bạn là ai đi nữa thì việc đầu tiên để ""quảng bá"" bản thân mình đến với các nhà tuyển dụng chính là chuẩn bị một chiếc CV thật ấn tượng để thu hút họ. Ngoài việc tạo ấn tượng thông qua nội dung như về năng lực, kinh nghiệm của bản thân thì việc thiết kế một CV chỉn chu về mặt hình thức như màu sắc, bố cục, font chữ,... cũng là những yếu tố tạo nên sự khác biệt cho CV của bạn giữa hàng ngàn những CV khác. Vậy làm cách nào để thiết kế một CV gây ấn tượng với nhà tuyển dụng? Onlinica xin mời bạn đến khóa học ""Thiết kế CV ấn tượng với phần mềm Adobe Illustrator"" của Cô Tracy Nguyễn - chuyên gia đã có 9 năm kinh nghiệm trong lĩnh vực thiết kế. Với những chia sẻ tường tận và được hướng dẫn thực hành thiết kế CV một cách trực quan từ chuyên gia, Onlinica tin rằng khóa học sẽ mang lại những kiến thức bổ ích cho bạn. Đừng ngần ngại nữa mà hãy nhanh tay đăng ký khóa học để tạo cho mình những chiếc CV ấn tượng và chinh phục nhà tuyển dụng, bạn nhé!"
KỸ NĂNG LỰA CHỌN VÀ XÁC ĐỊNH MỤC TIÊU NGHỀ NGHIỆP,Personal Development,Ms. Cao Thị Thùy Trang,https://onlinica.com/courses/course-v1:Onlinica+208+2023_208/about#shortDes,"Hành trình tìm kiếm và theo đuổi sự nghiệp là một hành trình dài hơi, một hành trình tự do và giải phóng. Một hành trình chỉ được gọi là tự do khi nó được kiểm soát ở một giới hạn nhất định, được định hướng bởi những mục tiêu rõ ràng. Mục tiêu rõ ràng là như thế nào? Kế hoạch khả thi cần đảm bảo những điều trọng yếu nào? Khóa học ""Kỹ năng lựa chọn và xác định mục tiêu nghề nghiệp"" được xuất bản với sứ mệnh như chính cái tên của nó. Đồng hành cùng chúng ta trong hành trình này là Cô Thùy Trang - thạc sĩ Tâm lý học cùng nhiều năm kinh nghiệm chia sẻ những kỹ năng cho giới trẻ. Khóa học này không chỉ giúp bạn xác định được mục tiêu của mình, mà còn giúp bạn tìm hiểu tại sao mục tiêu là quan trọng và cách xây dựng một mục tiêu tốt. Khóa học sẽ cung cấp cho bạn những kỹ năng cần thiết để lên kế hoạch thực hiện mục tiêu, từ việc phân tích và đánh giá các lựa chọn, đến việc thiết lập các bước cụ thể để đạt được mục tiêu của mình. Bạn sẽ học cách duy trì động lực và tập trung vào mục tiêu của mình, bất kể những thử thách và trở ngại nào xảy ra. Nếu bạn đang tìm kiếm một khóa học có thể giúp bạn định hướng tương lai của mình, giúp bạn đạt được mục tiêu và tạo ra thành công trong sự nghiệp và cuộc sống, thì đây là khóa học phù hợp dành riêng cho bạn. Đăng ký ngay để bắt đầu hành trình của mình với mục tiêu và đạt được thành công trong sự nghiệp và cuộc sống."
THIẾT KẾ THỜI TRANG CHUYÊN NGHIỆP TRÊN ADOBE ILLUSTRATOR (AI),Design,Ms. Thanh Trà,https://onlinica.com/courses/course-v1:Onlinica+209+2023_209/about#shortDes,"Bạn đang muốn học cách thiết kế thời trang chuyên nghiệp nhưng chưa biết bắt đầu từ đâu? Bạn muốn vẽ nên tác phẩm của riêng mình nhưng chưa biết phải làm như thế nào? Khóa học ""Thiết kế thời trang chuyên nghiệp trên Adobe Illustrator"" của Onlinica sẽ giúp bạn tạo ra những bản thiết kế thời trang đẹp mắt và chuyên nghiệp nhất. Với khóa học này, bạn sẽ học được cách sử dụng phần mềm Adobe Illustrator để thiết kế các mẫu áo, quần, váy và các phụ kiện thời trang khác với sự hướng dẫn tận tình từ Ms. Thanh Trà - Chuyên gia thiết kế thời trang nữ. Ngoài ra, bạn cũng sẽ được hướng dẫn cách sử dụng các công cụ trong phần mềm để tạo ra các bản vẽ một cách chi tiết và hoàn thành những mẫu thiết kế thời trang chất lượng cao. Khóa học ""Thiết kế thời trang chuyên nghiệp trên Adobe Illustrator"" sẽ là lựa chọn tuyệt vời cho những ai muốn trở thành nhà thiết kế thời trang chuyên nghiệp, hoặc đơn giản là muốn thực hiện những ý tưởng thiết kế thời trang của riêng mình. Đăng ký khóa học ngay hôm nay để bắt đầu hành trình thiết kế thời trang của bạn!"
VẼ MINH HOẠ CƠ BẢN BẰNG PHOTOSHOP,Design,Ms. Trần Thị Thúy Hằng,https://onlinica.com/courses/course-v1:Onlinica+212+2023_212/about,"Nhắc tới Photoshop thì đây không chỉ là phần mềm dành riêng cho nhiếp ảnh gia, cho họa sĩ vẽ tranh minh họa mà nó còn dành cho các designer nữa, bởi vì nó có rất là nhiều tính năng ưu việt mà những phần mềm khác không có. Và dến với khóa học ""Vẽ minh họa cơ bản bằng Photoshop"" là một khóa học thực hành tuyệt vời dành cho những người muốn tạo ra những tác phẩm minh họa độc đáo và sáng tạo bằng phần mềm Photoshop. Trong khóa học này, bạn sẽ được hướng dẫn các kỹ thuật vẽ và tạo hình trực quan, bắt mắt. Dưới sự hướng dẫn tận tâm của Ms. Thúy Hằng và Photoshop, khóa học này sẽ giúp bạn phát triển kỹ năng vẽ và sáng tạo, đồng thời khám phá tiềm năng và niềm đam mê trong lĩnh vực nghệ thuật minh họa. Hãy tham gia khóa học ""Vẽ minh họa cơ bản bằng Photoshop"" cùng Onlinica để trở thành ""một nghệ sĩ minh họa"" đích thực và tạo nên những tác phẩm độc đáo của riêng bạn."
HÀNH TRÌNH KHÁM PHÁ ART DIRECTION CÙNG GIÁM ĐỐC NGHỆ THUẬT PATRICK LAROCHELLE,Design,Mr. Patrick Larochelle,https://onlinica.com/courses/course-v1:Onlinica+213+2023_213/about#shortDes,"Bạn đã bao giờ cảm thấy mất hướng trong quá trình sáng tạo nghệ thuật của mình? Bạn muốn trở thành một nhà chỉ đạo nghệ thuật xuất sắc? Hãy tham gia vào khóa học của chúng tôi và khám phá cách bạn có thể trở thành một người định hướng nghệ thuật chuyên nghiệp. Trong khóa học này, bạn sẽ: - Lắng nghe những chia sẻ về 28 năm kinh nghiệm của Mr. Patrick Larochelle, một chuyên gia trong lĩnh vực chỉ đạo nghệ thuật và thiết kế. - Nhận được hướng dẫn và hiểu rõ cách thầy đã định hướng nghệ thuật để tạo ra các tác phẩm xuất sắc. - Phát triển kỹ năng chỉ đạo nghệ thuật và tạo ra sự khác biệt. Khám phá sự sáng tạo không giới hạn và hãy đưa nghệ thuật của bạn lên một tầm cao mới. Đừng để bản thân bạn bị giới hạn bởi việc thiếu hướng dẫn - tham gia khóa học ""Hành Trình Khám Phá Art Direction Cùng Giám Đốc Nghệ Thuật Patrick Larochelle"" của Onlinica và biến giấc mơ sáng tạo của bạn thành hiện thực nhé! Nhanh tay đăng ký thôi nào!"
KHAI PHÁ TIỀM NĂNG CỦA NGƯỜI HƯỚNG NỘI,Personal Development,Ms. Đỗ Phương Thảo,https://onlinica.com/courses/course-v1:Onlinica+216+2023_216/about,"""Tự tin"", ""Thành công"",... không chỉ là những cụm từ dành riêng cho những người hướng ngoại. Thế nhưng phần lớn chúng ta vẫn hay gán những từ này cho người hướng ngoại hơn là người hướng nội. Điều đó dẫn đến việc chúng ta có những nhận định sai lệch về người hướng nội như: ""Ít thành công"", ""Nhút nhát"",... . Nhưng thực tế, đối với những người hướng nội, việc khám phá và khai thác tiềm năng bên trong chính là chiếc chìa khóa cho sự phát triển cá nhân và tiến bước đến thành công của riêng họ. Hiểu được vấn đề đó, Onlinica đã xây dựng khóa học ""Khai phá tiềm năng của người hướng nội"". Đây sẽ là chìa khóa dẫn bạn vào hành trình khám phá sâu hơn về bản thân, hiểu rõ hơn về những đặc điểm của người hướng nội. Đồng thời cũng giúp bạn tận dụng những ưu điểm đó để đạt được mục tiêu trong cuộc sống và sự nghiệp. Khóa học này sẽ cung cấp cho bạn những kiến thức và kỹ năng cần thiết để phát triển khả năng giao tiếp, xây dựng mối quan hệ và thể hiện bản thân một cách tự tin. Bạn sẽ được hướng dẫn bởi Ms. Đỗ Phương Thảo - chuyên gia giàu kinh nghiệm trong lĩnh vực phát triển cá nhân, hiểu rõ về thách thức và triển vọng mà người hướng nội phải đối mặt. Không chỉ giúp bạn vượt qua những trở ngại trong việc giao tiếp và tương tác xã hội, khóa học này còn tạo ra một môi trường an toàn để bạn kết nối với chính bản thân mình. Bạn sẽ khám phá được rằng sự tĩnh lặng và suy nghĩ sâu sắc của người hướng nội cũng là một lợi thế để đạt đến sự sáng tạo và đột phá trong công việc lẫn cuộc sống. Hãy để Onlinica đồng hành cùng bạn trên những chặn đường đầu tiên của hành trình khám phá tiềm năng của của bản thân, bạn nhé! Còn chần chờ gì nữa, hãy nhanh tay đăng ký khóa học ""Khai phá tiềm năng của người hướng nội"" thôi nào!"
TYPOGRAPHY FOUNDATION: TYPOGRAPHY CƠ BẢN,Design,Mr. Khang Nguyễn,https://onlinica.com/courses/course-v1:Onlinica+217+2023_217/about,"Vì sao font Serif lại được thường xuyên sử dụng trong các in phẩm in ấn như tạp chí hoặc báo giấy? Tại sao các thiết kế hay các ấn phẩm của chúng ta lại nhìn không được thuận mắt? Yếu tố Typography có ảnh hưởng lớn gì trong thiết kế đó hay không? Câu trả lời là có, không riêng vì lý do thẩm mỹ, việc sử dụng Typography không hợp lý còn dẫn các thiết kế được truyền tải một cách không theo ý muốn. Mặt khác, khi chúng ta sử dụng Typography một cách không hệ thống và phi logic, các thiết kế của chúng ta sẽ không được đánh giá cao, gây cản trở ít nhiều trong công việc. Các lỗi khi sử dụng Typography không chỉ dừng ở việc sử dụng chữ nào, hay trong tình huống nào là hợp lý mà còn từ ở những điều cơ bản nhất như các khái niệm liên quan, khoảng cách chữ, cỡ chữ hay những công thức sử dụng khác. Vì thế, nếu như muốn sử dụng Typography có hiệu quả, trước hết chúng ta cần phải hiểu hết được các khái niệm cơ bản, cấu trúc và kỹ thuật trong Typography. Giảng viên Khang Nguyễn sẽ là người cùng đồng hành với chúng ta nhằm giải đáp và hướng dẫn chúng ta sử dụng Typography hiệu quả ở khóa học “Typography Foundation: Typography cơ bản” tại Onlinica. Không những vậy, giảng viên Khang Nguyễn còn chia sẻ cho chúng ta những kinh nghiệm cá nhân giảng viên đã đúc kết trong quá trình làm việc mà hẳn rằng sẽ giúp ích được nhiều cho người thiết kế. Qua khóa học này, chắc rằng những bạn tham gia sẽ hiểu rõ thế nào là Typography đến các cách sử dụng nó cho hợp lý, cũng như hiểu được cái thuật ngữ, khái niệm trong Typography. Vậy nên còn chần chờ gì nữa mà không cùng Onlinica tham gia khóa học này ngay thôi!"
ỨNG DỤNG TYPOGRAPHY TRONG THIẾT KẾ POSTER,Design,Mr. Khang Nguyễn,https://onlinica.com/courses/course-v1:Onlinica+231+2023_231/about,"Bạn đang tìm kiếm một khoá học về ứng dụng typography trong thiết kế poster? Bạn muốn học cách sử dụng các kiểu chữ, màu sắc, hình ảnh và bố cục để tạo ra những poster đẹp mắt và thu hút? Bạn muốn nâng cao kỹ năng thiết kế của mình và tạo ra những tác phẩm sáng tạo? Nếu câu trả lời là có, hãy tham gia khoá học Ứng dụng Typography trong Thiết kế Poster của Onlinica. Ngày nay, chữ không chỉ đóng một vai trò truyền tải thông tin đơn thuần, mà chữ có thể truyền tải được một thông điệp ý nghĩa nào đó thông qua cách chúng ta sắp xếp sử dụng con chữ trong công việc thiết kế. Và đến với khoá học này, dưới sự hướng dẫn tận tâm của Mr. Khang Nguyễn - người có nhiều năm kinh nghiệm trong thực chiến thiết kế đồ hoạ; bạn sẽ không chỉ biết cách tạo ra những poster từ Typography cực ""chất"", mà còn được ""những bí kíp"" khi làm việc thực tế với khách hàng. Còn chần chờ gì mà không đăng ký khoá học này tại Onlinica để không bỏ lỡ cơ hội để học hỏi và sáng tạo nhé!"
VẼ CHÂN DUNG THEO PHONG CÁCH SEMI - REALISTIC BẰNG PROCREATE (PHẦN 01),Design,Ms. Đoàn Phương Trúc,https://onlinica.com/courses/course-v1:Onlinica+233+2023_233/about,"Bạn đã cảm thấy phát chán với những bức chân dung mà mình vẽ? Bạn muốn thử sức mình trong việc vẽ chân dung theo phong cách nào đó mới mẻ, sáng tạo và khác biệt hơn? Vậy thì bạn đã tìm đúng chỗ rồi đấy! Khóa học ""Vẽ chân dung theo phong cách Semi-Realistic bằng Procreate"" mà Onlinica mang lại chính là điểm xuất phát hoàn hảo cho sự sáng tạo và tài năng của bạn! Đến với khóa học này, bạn không cần phải giới hạn bản thân với cây bút chì và giấy vẽ quen thuộc nữa. Đây sẽ là không gian không giới hạn cho tất cả các bạn thỏa sức sáng tạo với nhiều màu sắc, chất liệu khác nhau. Đến với khóa học này, bạn sẽ được hướng dẫn tận tình bởi Ms. Phương Trúc - giảng viên chuyên ngành Thiết kế đồ họa với nhiều kinh nghiệm trong việc sáng tác các tác phẩm theo phong cách Semi - Realistic. Khóa học này được thiết kế để bạn có thể nắm vững lý thuyết từ tranh chân dung, phong cách Semi - Realistic cho đến tỉ lệ đầu người. Hơn hết, bạn còn được thực hành nhiều bài tập để sáng tạo và hoàn thiện nhân vật theo phong cách Semi-Realistic cho riêng mình. Vậy thì còn chần chừ gì nữa? Hãy đăng ký ngay để trở thành một nghệ sĩ chân dung tài ba với phong cách Semi-Realistic độc đáo của riêng bạn. Chắc chắn rằng khóa học này sẽ giúp bạn thăng tiến trên con đường nghệ thuật và mang đến cho bạn niềm đam mê mãnh liệt trong việc tạo ra những kiệt tác nghệ thuật! Hãy đăng ký ngay tại Onlinica bạn nhé!"
VẼ CHÂN DUNG THEO PHONG CÁCH SEMI - REALISTIC BẰNG PROCREATE (PHẦN 02),Design,Ms. Đoàn Phương Trúc,https://onlinica.com/courses/course-v1:Onlinica+234+2023_234/about,"Bạn đã cảm thấy phát chán với những bức chân dung mà mình vẽ? Bạn muốn thử sức mình trong việc vẽ chân dung theo phong cách nào đó mới mẻ, sáng tạo và khác biệt hơn? Vậy thì bạn đã tìm đúng chỗ rồi đấy! Khóa học ""Vẽ chân dung theo phong cách Semi-Realistic bằng Procreate"" mà Onlinica mang lại chính là điểm xuất phát hoàn hảo cho sự sáng tạo và tài năng của bạn! Đến với khóa học này, bạn không cần phải giới hạn bản thân với cây bút chì và giấy vẽ quen thuộc nữa. Đây sẽ là không gian không giới hạn cho tất cả các bạn thỏa sức sáng tạo với nhiều màu sắc, chất liệu khác nhau. Đến với khóa học này, bạn sẽ được hướng dẫn tận tình bởi Ms. Phương Trúc - giảng viên chuyên ngành Thiết kế đồ họa với nhiều kinh nghiệm trong việc sáng tác các tác phẩm theo phong cách Semi - Realistic. Khóa học này được thiết kế để bạn có thể nắm vững lý thuyết từ tranh chân dung, phong cách Semi - Realistic cho đến tỉ lệ đầu người. Hơn hết, bạn còn được thực hành nhiều bài tập để sáng tạo và hoàn thiện nhân vật theo phong cách Semi-Realistic cho riêng mình. Vậy thì còn chần chừ gì nữa? Hãy đăng ký ngay để trở thành một nghệ sĩ chân dung tài ba với phong cách Semi-Realistic độc đáo của riêng bạn. Chắc chắn rằng khóa học này sẽ tiếp thêm động lực để bạn theo đuổi đam mê nghệ thuật vẽ và biến những tác phẩm của mình trở nên sinh động hấp dẫn hơn. Hãy đăng ký ngay tại Onlinica bạn nhé!"
BÍ QUYẾT CHINH PHỤC BÀI THI TOEIC,Personal Development,Mr. Nguyễn Thiên Ân,https://onlinica.com/courses/course-v1:Onlinica+235+235_2023/about#shortDes,"TOEIC, IELTS, B1,... 950, 9.0 những con số và chứng chỉ tiếng Anh có khiến bạn cảm thấy sợ hãi và áp lực hay không? Bạn cũng muốn cố gắng học tiếng Anh, lấy bằng TOEIC nhưng không biết bắt đầu từ đâu và học như thế nào? Vậy thì hãy để Onlinica hỗ trợ bạn nhé! Trong thời đại hội nhập hóa quốc tế như hiện nay, tiếng Anh dần trở thành ngôn ngữ phổ biến mà hầu hết mọi người cần phải có nhằm đáp ứng cho việc học tập, công viêc của mình. Thế nhưng không phải ai cũng có thể học tiếng Anh một cách dễ dàng được. Điều đó đã khiến tiếng Anh trở thành ""cơn ác mộng"" của biết bao bạn trẻ. Hiểu được điều đó, Onlinica đã nỗ lực xây dựng khóa học ""Chinh phục bài thi TOEIC"" với sự hướng dẫn nhiệt tình từ Thầy Thiên Ân - giảng viên có nhiều năm kinh nghiệm thực chiến trong việc giảng dạy tiếng Anh, đặc biệt là TOEIC. Trong khóa học này, các bạn sẽ biết được từ tổng quan đến chi tiết bài thi TOEIC 2 kỹ năng như thế nào. Và đặc biệt hơn, các bạn sẽ được bật mí những ""bí quyết vàng"" để có thể chinh phục số điểm TOEIC mà mình hằng mong ước. Vậy thì còn chần chờ gì nữa nào! Hãy nhanh tay đăng ký ngay khóa học tại Onlinica! Hãy để tiếng Anh không còn là ""kẻ thù"" mà là một ""người bạn đồng hành"" đầy hữu ích của bạn nhé!"
XÂY DỰNG MỘT GAME ĐƠN GIẢN BẰNG PYTHON,Lập trình,Mr. Đinh Nguyễn Trọng Nghĩa,https://onlinica.com/courses/course-v1:Onlinica+237+2023_237/about,"Bạn đã từng dành hàng giờ liền để nghiên cứu và phá đảo luật của game? Và bây giờ bạn muốn biết cách tạo ra những trò chơi thú vị và độc đáo để bạn có thể chia sẻ với bạn bè hoặc thậm chí bán trên thị trường? Vậy thì bạn đã tìm đến đúng nơi rồi đấy! Với khóa học ""Xây dựng game đơn giản bằng Python"" mà Onlinica mang lại sẽ cung cấp cho bạn những gì bạn cần trong việc thiết kế nên những trò chơi mang bản sắc của riêng bạn. Với sự hướng dẫn từ Mr. Trọng Nghĩa, giảng viên có nhiều năm kinh nghiệm với chuyên ngành Khoa học dữ liệu và Trí tuệ nhân tạo, bạn sẽ học cách: - Hiểu cơ bản về lập trình Python và cách áp dụng nó trong phát triển game. - Thực hành xây dựng luật chơi để tạo ra trải nghiệm chơi game thú vị. - Tạo ra các trò chơi đơn giản. - Tối ưu hóa và điều chỉnh trò chơi của bạn để làm cho nó hoàn hảo. Tham gia khóa học này, các bạn sẽ được hướng dẫn từng bước một từ lý thuyết đến thực hành và thỏa sức sáng tạo. Hãy nhanh tay tham gia để bắt đầu hành trình sáng tạo của bạn và biến ước mơ về tạo game thành hiện thực nhé! Đăng ký ngay và bắt đầu xây dựng trò chơi đầu tiên của bạn với Python thôi nào!"
TỔNG QUAN VỀ SHOPPER MARKETING,Digital Marketing,Giảng viên Onlinica (AI),https://onlinica.com/courses/course-v1:Onlinica+241+2023_241/about,"Ở bất kỳ hành trình tiếp thị nào, việc đưa sản phẩm đến tay người tiêu dùng chưa phải là điểm kết thúc cuối cùng và không chỉ có người tiêu dùng mới là người quyết định đánh giá chất lượng sản phẩm của bạn. Ở một góc độ nào đó, người mua hàng - những người thực sự quyết định mua sản phẩm của bạn - mới chính nhân vật chính trong câu chuyện tiếp thị của bạn. Họ là những người đóng một vai trò quyết định tại điểm bán và trực tiếp tác động đến sự thành công của bạn. Đó là chính do chúng ta cần chú ý đến Shopper Marketing. Phát triển chiến lược Shopper Marketing không chỉ giúp ta hiểu rõ đối tượng mua hàng cụ thể mà còn giúp ta xác định các kênh tiếp thị quan trọng. Thêm vào đó, chiến lược này còn giúp thương hiệu tạo lập hướng dẫn cho tất cả các tương tác với người mua, nâng cao hiệu quả và tối ưu hóa nguồn lực tài chính. Vậy phải tìm hiểu Shopper Marketing ở đâu? Còn ở đâu xa, ngay tại Onlinica này. Khóa học Shopper Marketing này sẽ giúp bạn - Hiểu về Shopper Marketing và tầm quan trọng của chiến lược Shopper Marketing - Phân biệt được Consumer Marketing và Shopper Marketing - Tìm hiểu về các yếu tố ảnh hưởng đến chiến lược Shopper Marketing và áp dụng vào thực tiễn Hãy chuẩn bị cho một hành trình thú vị trong thế giới của Shopper Marketing, nơi bạn sẽ khám phá bí quyết và chiến lược giúp bạn tạo ra trải nghiệm mua sắm hoàn hảo cho người mua hàng. Hãy tham gia khóa học ""Tổng Quan Về Shopper Marketing"" của chúng tôi tại Onlinica ngay hôm nay! Những kiến thức quý báu về Shopper Marketing đang chờ bạn. Hãy nhanh tay đăng ký để bắt đầu hành trình đầy triển vọng của bạn!"
KHÁM PHÁ QUY TRÌNH SEO,Personal Development,Giảng viên Onlinica (AI),https://onlinica.com/courses/course-v1:Onlinica+244+2023_244/about,"Bạn đang có một website và muốn website của mình được tìm kiếm và đánh giá cao trên các công cụ tìm kiếm hàng đầu như Google? Bạn loanh quanh tìm kiếm từ nhiều nguồn tài liệu khác nhau nhưng không thể tổng hợp lại hết kiến thức? Hay bạn đã áp dụng nhưng không theo một quy trình cụ thể và không mang lại kết quả bạn mong muốn. Tất cả những gì bạn cần ngay lúc này là một ""bến đỗ kiến thức"". Đừng lo, đừng lo. Onlinica đã mang đến cho bạn một khóa học hỗ trợ cho bạn đây. Khi tham gia khóa học ""Khám phá quy trình SEO"", bạn sẽ có thể: - Hiểu Rõ SEO là gì: Chúng tôi sẽ giúp bạn tạo nền tảng vững chắc về SEO và giải thích những khái niệm cơ bản. - Hiểu được tầm quan trọng của việc SEO theo quy trình cụ thể, rõ ràng. - Áp dụng quy trình để xây dựng một chiến lược SEO hiệu quả cho doanh nghiệp của bạn. Khám phá quy trình SEO để đảm bảo rằng bạn không bỏ lỡ cơ hội tối đa hóa sự hiện diện trực tuyến của mình. Đừng để website của bạn bị lãng quên trong biển thông tin trên internet - tham gia khóa học ""Khám phá quy trình SEO"" của Onlinica và bắt đầu phát triển cho doanh nghiệp của bạn ngay hôm nay! Hãy nhanh tay đăng ký khóa học bạn nhé, những kiến thức bổ ích vẫn đang chờ bạn khám phá đấy!"
Ý NGHĨA MÀU SẮC TRONG XÂY DỰNG THƯƠNG HIỆU,Design,Giảng viên Onlinica (AI),https://onlinica.com/courses/course-v1:Onlinica+245+2023_245/about,"Bạn có biết màu đỏ là màu tượng trưng cho sự nhiệt huyết, mạnh mẽ không? Vậy bạn có biết màu đỏ còn là màu sắc được sử dụng rất nhiều trong ngành thực phẩm, đặc biệt là ngành thức ăn nhanh vì nó có khả năng kích thích tính thèm ăn của con người không? Mỗi một màu sắc mà thương hiệu lựa chọn đều mang một ý nghĩa riêng biệt, đại diện cho thương hiệu, sản phẩm/ dịch vụ mà thương hiệu đó kinh doanh. Màu sắc không chỉ đơn thuần là màu sắc mà nó còn là ngôn ngữ thị giác để bạn có thể kết nối tốt hơn với khách hàng của mình. Một nghiên cứu đã chỉ ra rằng, khách hàng dễ nhơ màu sắc của thương hiệu hơn là hình vẽ logo của thương hiệu đó. Chúng ta hoàn toàn có thể nhận thấy, màu sắc đóng một vai trò cực kỳ quan trọng đối với thương hiệu. Đó cũng là một trong những lý do mà Onlinica xây dựng khóa học ""Ý nghĩa màu sắc trong xây dựng thương hiệu"" dành cho các bạn. Trong khóa học này, các bạn sẽ được tìm hiểu từ khái niệm màu sắc thương hiệu cho đến ý nghĩa của từng mà sắc mà các thương hiệu nổi tiếng hiện này đang sử dụng. Đồng thời, các bạn cũng sẽ được thực hàng lý thuyết đã học để ứng dụng vào thực tế. Khóa học này phù hợp với tất cả mọi người, dù bạn đã hay đang dành sự quan tâm, tìm hiểu về màu sắc trong xây dựng bộ thương hiệu. Đừng để thương hiệu của bạn chìm trong biển người! Đừng chần chờ nữa! Hãy nhanh tay đăng ký ngay khóa học tại Onlinica để làm chủ ý nghĩa màu sắc và đưa thương hiệu của bạn đến tầm cao mới."
NẰM LÒNG CÁC THUẬT NGỮ MÀU SẮC HỮU DỤNG CHO DESIGNER,Design,Giảng viên Onlinica (AI),https://onlinica.com/courses/course-v1:Onlinica+247+2023_247/about,"Bạn có bao giờ thắc mắc tại sao trong một bức tranh tác giả lại phối màu đỏ với màu xanh và vàng mà không phải tím hoặc cam chưa? Câu trả lời đó là không phải cứ yêu thích màu nào là phối màu đó cho tác phẩm. Vì để phối được các màu với nhau chúng ta cần phải dựa theo các nguyên tắc nếu không thì tác phẩm của bạn sẽ trở thành ""thảm họa"" trong mắt người khác. Nếu bạn chưa nắm được các cách phối màu hay chưa biết mỗi loại màu sắc có những điểm mạnh và điểm yếu ra sao thì khóa học này sẽ giúp bạn gỡ rối những thắc mắc đó ngay và luôn. Trong khóa học này, chúng ta sẽ khám phá sâu sắc về màu sắc và làm thế nào chúng có thể biến hoá thiết kế của bạn thành những tác phẩm độc đáo và ấn tượng. Màu sắc không chỉ là một phần của thiết kế, mà còn là ngôn ngữ riêng biệt, có thể truyền đạt cảm xúc và thông điệp một cách mạnh mẽ. Bạn sẽ nắm được các khái niệm cơ bản về màu sắc, từ Hue, Value, Chroma đến Saturation. Chúng ta sẽ cùng nhau đào sâu vào vòng tuần hoàn màu sắc để hiểu rõ hơn về cấp độ và cách mà màu sắc ""tương tác"" với nhau. Từ đó bạn sẽ nhận thấy được sức mạnh của màu sắc trong việc tạo ra các tác phẩm ấn tượng và thu hút sự chú ý. Nếu bạn là người đam mê thiết kế và muốn nâng cao kỹ năng của mình trong việc sử dụng màu sắc, khóa học này chắc chắn sẽ là nguồn kiến thức hữu ích cho bạn. Hãy cùng nhau khám phá thế giới màu sắc và biến ý tưởng của bạn thành hiện thực mỗi ngày qua khóa học này nhé!"
XÂY DỰNG HÀNH TRÌNH TRẢI NGHIỆM KHÁCH HÀNG,Digital Marketing,Giảng viên Onlinica (AI),https://onlinica.com/courses/course-v1:Onlinica+250+2024_250/about,"Hãy tưởng tượng, bạn vào một trang web bán hàng, bạn chọn được sản phẩm nhưng không bỏ được vào giỏ hàng hay giao diện của trang web quá phức tạp để bạn có thể thao tác. Chỉ những điều đó thôi cũng đã có thể khiến bạn khó chịu và chọn một trang web bán hàng khác. Như vậy, chắc chắn bạn cũng cảm nhận rõ sự quan trọng của việc giữ chân khách hàng thông qua hành trình trải nghiệm trên website rồi đúng không? Vậy thì, để giúp bạn hiểu rõ hơn về hành trình khách hàng, Onlinica xin giới thiệu đến với các bạn khóa học ""Xây dựng hành trình trải nghiệm khách hàng"" Khóa học này không chỉ tập trung vào việc tạo ra giao diện trực tuyến hấp dẫn mà còn chú trọng vào việc hiểu rõ nhu cầu và mong muốn của khách hàng. Chúng ta sẽ cùng nhau khám phá cách xây dựng trải nghiệm người dùng tối ưu, từ quá trình tìm kiếm sản phẩm đến quá trình thanh toán, nhằm tạo ra một môi trường mua sắm trực tuyến không chỉ thuận tiện mà còn gần gũi, tạo ra một liên kết vững chắc giữa doanh nghiệp và khách hàng. Qua khóa học này, bạn sẽ được học những chiến lược tiên tiến nhất để tối ưu hóa website của mình, tạo ra những trải nghiệm độc đáo và khác biệt. Khóa học cung cấp kiến thức nền căn bản về việc nắm bắt xu hướng người dùng, tối ưu hóa giao diện và giao tiếp hiệu quả để duy trì sự quan tâm và lòng trung thành của khách hàng. Hãy nhanh tay đăng ký khóa học ngay trên Onlinica và ứng dụng những kiến thức này để phát triển doanh nghiệp của bạn nhé!"
CHIẾN THUẬT SEO HIỆU QUẢ TRÊN INSTAGRAM,Digital Marketing,Giảng viên Onlinica (AI),https://onlinica.com/courses/course-v1:Onlinica+252+2023_251/about,"Trong thời đại kỹ thuật số ngày nay, việc tận dụng mạng xã hội để phát triển doanh nghiệp là một yếu tố vô cùng quan trọng. Với hơn 1 tỷ người dùng hàng tháng, Instagram đã trở thành một nền tảng tiềm năng để tiếp cận khách hàng mục tiêu và tạo dựng mối quan hệ vững chắc với họ. Thế nhưng bạn tới chiến thuật SEO Instagram đúng cách giúp doanh nghiệp sẽ có cơ hội tiếp cận hàng triệu người dùng và nâng cao sự nhận diện thương hiệu hay chưa. Đừng lo, Onlinica ở đây và mang tới cho bạn khoá học ""Chiến thuật SEO hiệu quả trên Instagram"". Qua khoá học này, bạn sẽ được học cách tối ưu hoá hồ sơ Instagram, cách xác định và sử dụng các từ khóa cho nội dung của bạn,cách duy trì một tài khoản chất lượng, và còn rất nhiều những bí thuật khác nữa tất cả gói gọn trong khoá học này. Đừng bỏ lỡ cơ hội cải thiện SEO Instagram! Hãy đăng ký và học cùng Onlinica ngay thôi nào."
THIẾT LẬP UNIQUE SELLING POINT (USP) CHO THƯƠNG HIỆU,Digital Marketing,Giảng viên Onlinica (AI),https://onlinica.com/courses/course-v1:Onlinica+257+2023_257/about,"Trong thế giới kinh doanh ngày nay, sự cạnh tranh giữa các thương hiệu đang trở nên gay gắt hơn bao giờ hết. Bên cạnh việc phải đảm bảo chất lượng sản phẩm, dịch vụ hay chạy các chiến dịch truyền thông - quảng cáo. Thì các doanh nghiệp luôn phải đổi mới và tạo được nét nổi bật, độc đáo riêng cho thương hiệu của mình. Chỉ có như thế, họ mới có thể cạnh tranh với các đối thủ khác, chiếm được vị trí quan trọng trong tâm trí của khách hàng. Vì lẽ đó, việc xác định và phát triển Unique Selling Point (USP) cho thương hiệu là một việc vô cùng quan trọng, đòi hỏi sự nghiên cứu kỹ càng và đầu tư từ doanh nghiệp. Để hỗ trợ bạn trong quá trình thiết lập USP cho thương hiệu, Onlinica đã xây dựng khóa học ""Thiết lập Unique Selling Point (USP) cho thương hiệu"" để chúng ta có thể cùng nhau tìm hiểu sâu hơn thế giới của USP. Trong khóa học này, các bạn sẽ cùng khám phá cách xây dựng điểm mạnh, độc đáo cho thương hiệu của bạn, giúp bạn thu hút và giữ chân khách hàng mục tiêu của mình. Chúng ta sẽ tập trung vào việc hiểu rõ khách hàng, nghiên cứu thị trường và phân tích đối thủ cạnh tranh để tìm ra những điểm mạnh riêng biệt mà thương hiệu của bạn mang lại. Bạn sẽ được hướng dẫn chi tiết về cách xây dựng USP mạnh mẽ, phản ánh đúng bản chất và giá trị của doanh nghiệp các bạn. Không chỉ dừng lại ở lý thuyết, khóa học còn cung cấp những bài thực hành, ví dụ và case study từ các doanh nghiệp thành công, giúp bạn áp dụng những kiến thức đã học vào thực tế. Khóa học này phù hợp cho tất cả các bạn, miễn là bạn có hứng thú với câu chuyện thiết lập USP cho thương hiệu của mình. Còn chần chờ gì nữa nào! Hãy nhanh tay đăng ký khóa học ngay tại Onlinica. Hãy đồng hành cùng chúng tôi để đưa thương hiệu của bạn lên tầm cao mới và tạo ra ấn tượng mạnh mẽ trên thị trường nhé!"
TỐI ƯU BÁN HÀNG TRÊN SHOPEE,Digital Marketing,Giảng viên Onlinica (AI),https://onlinica.com/courses/course-v1:Onlinica+258+2023_258/about,"Thương mại điện tử phát triển vượt bậc trong thời đại công nghệ hiện nay. Trong đó thì sàn thương mại điện tử Shopee luôn dẫn đầu trên thị trường Việt Nam với số lượng gian hàng và sản phẩm khổng lồ. Có rất nhiều doanh nghiệp kinh doanh online đã thành công với hàng triệu lượt bán ra qua sàn Shopee. Nếu bạn đang là doanh nghiệp bán trực tiếp muốn mở rộng sang thị trường online hay bạn đã là chủ gian hàng online thì hãy cùng tôi tìm hiểu sâu hơn về tối ưu sản phẩm trên sàn thương mại điện tử Shopee nhá. Khoá học này tôi sẽ chia sẻ cho các bạn từ tổng quan Shopee cho đến cách xây dựng một gian hàng và đặc biệt là đi chi tiết từng bước để tối ưu sản phẩm cho gian hàng của bạn. Bởi vì số lượng người mua và người bán khổng lồ nên để gian hàng của bạn trở nên nổi bật, thể hiện được sự chuyên nghiệp khiến khách hàng tin tưởng và yêu thích là điều không dễ dàng. Vậy nên hãy cùng tôi giải bài toán “làm cách nào thành công trên Shopee” ngay trong khoá học này nhé."
TỐI ƯU GIAN HÀNG TRÊN LAZADA,Digital Marketing,Giảng viên Onlinica (AI),https://onlinica.com/courses/course-v1:Onlinica+259+2024_259/about,"Thương mại điện tử hiện đang là xu hướng của thời đại toàn cầu hóa như hiện nay. Tại Việt Nam thu hút nhiều sàn thương mại điện tử tham gia. Lazada là một trong số đó. Có mặt tại Việt Nam và Đông Nam Á từ năm 2012, Lazada đã trở thành một lựa chọn hàng đầu kể cả người bán và người tiêu dùng. Và nếu bạn đang muốn kinh doanh trên Lazada nhưng chưa biết cách tạo và quản lý gian hàng hiệu quả? Bạn đang gặp khó khăn trong việc thu hút và chăm sóc khách hàng trên sàn thương mại điện tử lớn nhất Đông Nam Á? Bạn đang tìm kiếm một khóa học thực chiến, cập nhật và chất lượng về bán hàng trên Lazada? Vậy thì khoá học ""Tối ưu gian hàng trên Lazada"" sẽ là một cuốn cẩm nang tuyệt vời cho bạn. Hãy đồng hành cùng chúng tôi trên hành trình tối ưu hóa gian hàng Lazada của bạn. Đến với khoá học này, bạn sẽ biết được quá trình hình thành và phát triển của Lazada, cách thiết kế gian hàng cũng như mẹo để tối ưu được gian hàng. Hãy vào học ngay để nhận những kiến thức và chiến lược quan trọng cho sự thành công của bạn trên thị trường thương mại điện tử đầy cạnh tranh."
TỐI ƯU BÁN HÀNG TRÊN TIKTOK SHOP,Digital Marketing,Giảng viên Onlinica (AI),https://onlinica.com/courses/course-v1:Onlinica+260+2023_260/about#shortDess,"Ngày ngày lướt TikTok để giải trí, bạn có biết đây còn một kênh bán hàng hiệu quả? Và nếu như bạn có muốn học cách tối ưu bán hàng trên TikTok Shop, một chức năng mới mẻ và tiên tiến của TikTok hay mong muốn tận dụng lượng người dùng khổng lồ của TikTok để quảng bá sản phẩm và dịch vụ của bạn? Thì chào mừng bạn đã đến với kho tàng Onlinica tại đây đang có những cuốn ""cửu âm chân kinh"" về cách ""Tối ưu bán hàng trên TikTok Shop"". Thông qua khoá học này bạn sẽ được tìm hiểu rõ hơn về TikTok Shop là gì, Mô hình vận hành của TikTok Shop và đặc biệt là các cách tối ưu TikTok Shop. Sau khi học xong khóa học này bạn sẽ nắm được các cách để tối ưu gian hàng của mình trên TikTok Shop, giúp bạn khám phá ra cách để quản lý một gian hàng thành công, tìm ra những khuyết điểm trong cách vận hành của mình và khắc phục được nó. Và để làm được những điều đó chỉ còn cách bạn một bước đăng ký nữa thôi, hãy nhanh tay đăng ký và học cùng Onlinica nhé."
ART THEORY - LÝ THUYẾT VỀ HỘI HOẠ,Design,Mr. Hoàng Khắc Huyên,https://onlinica.com/courses/course-v1:Onlinica+VTCA-263+2023_VTCA_263/about#shortDes,"Bạn đam mê nghệ thuật và muốn hiểu sâu về lý thuyết đằng sau những tác phẩm hội hoạ đẹp mắt? Bạn muốn khám phá ngôn ngữ nghệ thuật, ý nghĩa ẩn sau mỗi đường nét, và cảm nhận sâu sắc hơn về tác phẩm của các họa sĩ nổi tiếng? Vậy thì hãy tham gia ngay vào khoá học: ""Art Theory - Lý thuyết về hội hoạ"" của chúng tôi! Khoá học được dẫn dắt bởi giảng viên có kinh nghiệm trong lĩnh vực hội hoạ và lý thuyết nghệ thuật. Đến với khoá học này, bạn sẽ được tìm hiểu về: Đường nét trong mỹ thuật, cách xây dựng phối cảnh vật thể trong không gian, hệ thống ánh sáng và bóng đổ, lý thuyết màu sắc cơ bản và Tỷ lệ người và giải phẫu cơ bản. Bạn cũng sẽ áp dụng ngay lý thuyết vào thực tế thông qua các bài tập thực hành. Hãy tham gia khoá học cùng chúng tôi để trải nghiệm hành trình nghệ thuật đầy thú vị và bổ ích ngay thôi nào."